Date,Open,High,Low,Close,Volume
2018-07-27,7926,7941.73,7893.21,7893.21,4095524.58
2018-07-26,8174.06,8314.23,7855.97,7926,65857948.72
2018-07-25,8403.83,8475,8049.22,8174.06,85270824.58
2018-07-24,7719.62,8496.96,7691.14,8403.83,151310569.73
2018-07-23,7396.6,7800,7369.86,7719.62,96571278.24
2018-07-22,7409.92,7581.03,7336.15,7396.6,38059816.24
2018-07-21,7330.84,7458,7212,7409.92,29657027.95
2018-07-20,7471.42,7696.88,7265,7330.84,69721139.88
2018-07-19,7374.88,7570.9,7278.84,7471.42,65189565.07
2018-07-18,7310.71,7599.98,7239.15,7374.88,99059622.37
2018-07-17,6721.04,7468.31,6657.95,7310.71,89443629.79
2018-07-16,6349.3,6755,6333.63,6721.04,61776752.48
2018-07-15,6243.98,6397.21,6227.76,6349.3,22531808.77
2018-07-14,6215.59,6317.84,6180,6243.98,16131386.29
2018-07-13,6243.88,6337.25,6121.01,6215.59,36792068.82
2018-07-12,6380,6380,6072,6243.88,48264011.74
2018-07-11,6299.46,6400,6285,6380,40422766.09
2018-07-10,6666.75,6683.9,6270.84,6299.46,59079611.2
2018-07-09,6706.6,6814.72,6620,6666.75,48058466.98
2018-07-08,6759.99,6783.54,6674.6,6706.6,34673975.5
2018-07-07,6596.53,6820,6510,6759.99,32039126.13
2018-07-06,6533.69,6636.15,6449.76,6596.53,35714562.2
2018-07-05,6584.25,6700,6445.31,6533.69,50623962.16
2018-07-04,6507.99,6792.28,6413.2,6584.25,44104610.98
2018-07-03,6612.98,6666,6464.39,6507.99,39007361.17
2018-07-02,6349.99,6667.57,6270.69,6612.98,57156646.61
2018-07-01,6385.71,6438.55,6259.34,6349.99,26417260.54
2018-06-30,6204.24,6510,6190.28,6385.71,44052425.65
2018-06-29,5848.33,6299,5774.72,6204.24,71636732.3
2018-06-28,6135.64,6165.49,5818.14,5848.33,53453287.6
2018-06-27,6068,6181.11,5985,6135.64,45361890.94
2018-06-26,6253.61,6277,6025.68,6068,47951768.39
2018-06-25,6153.4,6365.34,6075.01,6253.61,60122649.66
2018-06-24,6177.38,6255.05,5780,6153.4,68399360.49
2018-06-23,6050.45,6261,6048.54,6177.38,28145734.06
2018-06-22,6718.33,6737.97,5940,6050.45,116516606.03
2018-06-21,6756.58,6792.2,6677.85,6718.33,32564408.83
2018-06-20,6736.52,6809.26,6558.95,6756.58,34692917.9
2018-06-19,6707.5,6841.81,6660.21,6736.52,36644831.8
2018-06-18,6453.41,6793,6381.25,6707.5,38916063.79
2018-06-17,6487.92,6575.35,6429.23,6453.41,18412428.55
2018-06-16,6390.6,6557.81,6333.63,6487.92,22957650.67
2018-06-15,6646.1,6666.66,6370,6390.6,46685086.33
2018-06-14,6307.4,6708.1,6270.69,6646.1,92121861.87
2018-06-13,6557.67,6624.45,6120,6307.4,122786788.14
2018-06-12,6880.61,6880.76,6461.42,6557.67,59092996.24
2018-06-11,6781.17,6919.97,6634.86,6880.61,77070641.46
2018-06-10,7492.7,7498,6627.7,6781.17,100255171.17
2018-06-09,7618.11,7686.45,7468.31,7492.7,20619323.12
2018-06-08,7689.28,7697,7542,7618.11,35622819.63
2018-06-07,7658.57,7750,7618.99,7689.28,58063422.6
2018-06-06,7617.98,7695.46,7482.61,7658.57,53677946.08
2018-06-05,7488.26,7685,7360,7617.98,74707307.08
2018-06-04,7703.67,7764.44,7449.68,7488.26,52874207.37
2018-06-03,7642,7790.69,7581.03,7703.67,36376196.76
2018-06-02,7511.6,7700,7438.92,7642,30475405.25
2018-06-01,7492.28,7620.01,7348.45,7511.6,50587954.66
2018-05-31,7375.73,7601.23,7330.22,7492.28,55144260.57
2018-05-30,7469.45,7559,7273.89,7375.73,66460464.15
2018-05-29,7112.5,7537,7026.9,7469.45,80814280.45
2018-05-28,7347.39,7445,7084.99,7112.5,47652142.66
2018-05-27,7335.99,7412.57,7213.09,7347.39,22995002.76
2018-05-26,7471.18,7622.87,7276.04,7335.99,30225159.43
2018-05-25,7586.88,7661.07,7328.13,7471.18,75352118.7
2018-05-24,7502.89,7733.99,7267.24,7586.88,87486613.44
2018-05-23,7984.08,8032.01,7435.49,7502.89,136149933.06
2018-05-22,8391.76,8417.65,7951.41,7984.08,74532297.79
2018-05-21,8518.48,8589.1,8320,8391.76,51780405.45
2018-05-20,8231.2,8590,8170.71,8518.48,44509496.32
2018-05-19,8248.87,8395,8141.08,8231.2,31243933.28
2018-05-18,8067.03,8275.1,7929.53,8248.87,58093499.64
2018-05-17,8346.59,8500,7980,8067.03,68210896.57
2018-05-16,8474.99,8505.33,8100.01,8346.59,105058169.86
2018-05-15,8674.36,8865,8400,8474.99,107036084.46
2018-05-14,8696.58,8900.9,8286.57,8674.36,162135043.55
2018-05-13,8481.6,8775.9,8335.56,8696.58,84280724.78
2018-05-12,8411.42,8652.8,8208.81,8481.6,130051000.66
2018-05-11,9020.99,9020.99,8351,8411.42,177279927.98
2018-05-10,9308.49,9393,8987.74,9020.99,108645338.13
2018-05-09,9167.69,9368.79,8974.62,9308.49,104305920.46
2018-05-08,9359.52,9450,9015,9167.69,105415298.03
2018-05-07,9623.54,9634.5,9175,9359.52,127010639.85
2018-05-06,9823.28,9918.41,9375,9623.54,78150008.85
2018-05-05,9696.57,9948.98,9670.68,9823.28,72754286.99
2018-05-04,9732.43,9784.73,9527.38,9696.57,70716940.7
2018-05-03,9222,9799.99,9165.19,9732.43,109943721.45
2018-05-02,9066.9,9259.16,8975.23,9222,96344037.24
2018-05-01,9242.17,9249.99,8815.91,9066.9,109028331.07
2018-04-30,9393.99,9443.96,9111,9242.17,74978446.9
2018-04-29,9345.11,9538.75,9180,9393.99,102349678.47
2018-04-28,8921.43,9442.34,8854.47,9345.11,143728558.95
2018-04-27,9274.48,9387.82,8901.09,8921.43,104644754.14
2018-04-26,8864.99,9326.79,8647.29,9274.48,178009104.47
2018-04-25,9648,9755.53,8751,8864.99,303220038.56
2018-04-24,8946.95,9737.16,8930,9648,190711801.45
2018-04-23,8789.96,9006.39,8771.22,8946.95,91446649.76
2018-04-22,8920.71,9036.52,8760,8789.96,83089020.81
2018-04-21,8861,9023.4,8608,8920.71,134950187.05
2018-04-20,8271.31,8934,8216.9,8861,136267900.24
2018-04-19,8172.84,8297.99,8074.44,8271.31,77478927.09
2018-04-18,7890.87,8235,7870.35,8172.84,74525247.42
2018-04-17,8048.15,8160.85,7806.81,7890.87,74462014.27
2018-04-16,8354.22,8424.99,7905,8048.15,87993966.21
2018-04-15,8000.41,8417,8000.41,8354.22,62269321.05
2018-04-14,7896.92,8232.14,7835,8000.41,71681139.86
2018-04-13,7923.78,8239.33,7753.32,7896.92,157461506.32
2018-04-12,6940.94,8069.34,6758.45,7923.78,143664243.1
2018-04-11,6835.67,6984.92,6809.26,6940.94,40165964.26
2018-04-10,6780.1,6900,6653.21,6835.67,43978750.45
2018-04-09,7027.26,7175.83,6611.49,6780.1,69104966.97
2018-04-08,6904.9,7104.52,6894.8,7027.26,30482451.72
2018-04-07,6618.33,7069.13,6600.99,6904.9,52984840.5
2018-04-06,6771.69,6850,6510,6618.33,56294477.9
2018-04-05,6799.95,6928.7,6578.95,6771.69,80262665.41
2018-04-04,7416.27,7430,6710.38,6799.95,110954121.84
2018-04-03,7052.76,7506.84,7001.28,7416.27,118019785.63
2018-04-02,6813.52,7106.5,6759.96,7052.76,95159965.02
2018-04-01,6928.62,7045.71,6427.16,6813.52,121116431.4
2018-03-31,6850,7231.73,6794.26,6928.62,81326187.47
2018-03-30,7088.38,7302.35,6550,6850,199556780.67
2018-03-29,7932.41,7968,6914.53,7088.38,163975079.77
2018-03-28,7791.7,8104.98,7723.03,7932.41,66890222.86
2018-03-27,8149.66,8211.62,7742.11,7791.7,98488415.19
2018-03-26,8453.9,8500,7831.15,8149.66,145246518.54
2018-03-25,8547,8680,8368.63,8453.9,78013217.69
2018-03-24,8920.79,9020,8505,8547,85811618.32
2018-03-23,8704.67,8920.79,8265,8920.79,117134344.45
2018-03-22,8893.79,9099.59,8503.52,8704.67,109923828.13
2018-03-21,8904.02,9188.1,8754.83,8893.79,108594771.1
2018-03-20,8596.93,9051,8313.01,8904.02,116496170.95
2018-03-19,8188.24,8718.74,8114.17,8596.93,162448296.19
2018-03-18,7860.83,8324.92,7325.37,8188.24,150315447.64
2018-03-17,8258.54,8356.4,7730.23,7860.83,97294029.18
2018-03-16,8265.05,8613.06,7914.08,8258.54,137219222.82
2018-03-15,8196.69,8425,7682,8265.05,148610946.85
2018-03-14,9142.32,9356.14,7948,8196.69,182210730.85
2018-03-13,9120.75,9482.79,8830,9142.32,146461539.25
2018-03-12,9535.04,9892,8742.07,9120.75,175103380.07
2018-03-11,8791.47,9768.37,8450,9535.04,149758874.77
2018-03-10,9230,9514.96,8697,8791.47,118146982.45
2018-03-09,9285.32,9420.39,8366,9230,257069817.58
2018-03-08,9913.03,10150,9078.95,9285.32,217370120.92
2018-03-07,10723.76,10911.78,9450,9913.03,264099759.78
2018-03-06,11419.24,11420.01,10560.19,10723.76,161507885.73
2018-03-05,11463.27,11688,11383.66,11419.24,114638102.24
2018-03-04,11445,11511,11054.91,11463.27,77060624.28
2018-03-03,11029.99,11503.24,11022.85,11445,88241259.78
2018-03-02,10903.13,11175,10774.01,11029.99,91455982.5
2018-03-01,10314.9,11090,10223.41,10903.13,101712406.73
2018-02-28,10566.3,11064.75,10255.07,10314.9,111457734.83
2018-02-27,10324.7,10850,10150,10566.3,110086762.8
2018-02-26,9590.04,10461.97,9376.34,10324.7,162306362.39
2018-02-25,9689.99,9883.41,9260,9590.04,105367249.25
2018-02-24,10166.1,10540.63,9373.48,9689.99,137805304.52
2018-02-23,9843.34,10405.3,9600,10166.1,160782973.05
2018-02-22,10449.4,10935,9731.2,9843.34,206051152.36
2018-02-21,11233.41,11275.74,10256,10449.4,215353691.94
2018-02-20,11173,11780,11080.37,11233.41,182156478.02
2018-02-19,10421.06,11262.48,10307.51,11173,127802568.07
2018-02-18,11101,11300,10153.15,10421.06,188724919.34
2018-02-17,10196,11135.83,10053.5,11101,155314935.18
2018-02-16,10018,10300,9707.51,10196,118860367.74
2018-02-15,9490.98,10234,9350,10018,206814744.85
2018-02-14,8522.99,9515,8504.57,9490.98,158839393.25
2018-02-13,8899,8951.89,8360.13,8522.99,97689771.64
2018-02-12,8067,8995,8067,8899,130557481.61
2018-02-11,8560,8560,7820,8067,103542540.61
2018-02-10,8693.98,9090.8,8170.86,8560,127082570.69
2018-02-09,8259.76,8779.62,7753.32,8693.98,152040059.86
2018-02-08,7588.01,8644.36,7565.5,8259.76,187157997.66
2018-02-07,7737.37,8649,7213.8,7588.01,260674865.84
2018-02-06,6874.27,8150,5920.72,7737.37,487504446.04
2018-02-05,8191,8335.56,6600,6874.27,342210634.65
2018-02-04,9225.86,9350.09,7825,8191,162005632.56
2018-02-03,8838.83,9491.2,8170.71,9225.86,144713399.47
2018-02-02,8998.99,9096.79,7625.25,8838.83,426760116.12
2018-02-01,10149,10187.56,8455,8998.99,243067799.6
2018-01-31,9971,10324,9514.96,10149,126723437.34
2018-01-30,11162.62,11222.36,9731.2,9971,219169216.36
2018-01-29,11685.58,11820.01,10991,11162.62,112806531.76
2018-01-28,11446.54,11989.15,11360.52,11685.58,116531522.53
2018-01-27,11092.95,11630.47,10815.84,11446.54,116376809.52
2018-01-26,11155.54,11635,10263.32,11092.95,164020352.52
2018-01-25,11400.96,11741.82,10868.57,11155.54,115421975.03
2018-01-24,10851.82,11500,10488.13,11400.96,128825119.68
2018-01-23,10808.99,11409.87,9927.54,10851.82,184369293.73
2018-01-22,11558.87,11910.78,10028.41,10808.99,186028930.55
2018-01-21,12775.99,12791.88,11100,11558.87,137150604.64
2018-01-20,11552,13052.12,11515.94,12775.99,128912075.53
2018-01-19,11247.57,12050.39,11025.18,11552,151834406.42
2018-01-18,11191.35,12146,10693,11247.57,256082649.98
2018-01-17,11386.34,11794.07,9222,11191.35,433168120.05
2018-01-16,13607.04,13607.04,10162,11386.34,457725763.37
2018-01-15,13647.99,14394.36,13429.25,13607.04,131049852.36
2018-01-14,14197.78,14365.81,13072.22,13647.99,102783826.66
2018-01-13,13781.41,14619.1,13781.41,14197.78,106595650.09
2018-01-12,13243.83,14152.19,12807.27,13781.41,183399343.52
2018-01-11,14890.02,14973.07,12800,13243.83,266846190.81
2018-01-10,14403.51,14900,13412,14890.02,261210687.03
2018-01-09,14999.99,15367.18,14123.97,14403.51,204579121.58
2018-01-08,16124.02,16300,13900,14999.99,251991683.91
2018-01-07,17149.67,17149.97,15707.16,16124.02,141555094.16
2018-01-06,16928,17234.99,16220,17149.67,158389594.51
2018-01-05,15143.67,17200,14810,16928,259695892.85
2018-01-04,15155.62,15430.27,14192.37,15143.67,222160244.49
2018-01-03,14678.94,15500,14546.28,15155.62,183639413.74
2018-01-02,13443.41,15257.53,12910.58,14678.94,229138844.08
2018-01-01,13880,13941.75,12801.38,13443.41,102815718.45
2017-12-31,12640,14296.06,12491.21,13880,154552644.47
2017-12-30,14340,14463.28,12050,12640,285985550.32
2017-12-29,14470.07,15111,13998,14340,195727638.77
2017-12-28,15364.93,15474.19,13500,14470.07,234428578.54
2017-12-27,15764.44,16480.52,14484,15364.93,241860985.13
2017-12-26,13911.28,16147.87,13746.95,15764.44,230922569.15
2017-12-25,14157.87,14650,13210,13911.28,161347357.08
2017-12-24,14619,14619.1,12488,14157.87,250476423.64
2017-12-23,14009.79,15756.22,13496.48,14619,322120599.56
2017-12-22,15600.01,15795.61,11159.93,14009.79,772329454.8
2017-12-21,16466.98,17281.17,15005,15600.01,326730689.65
2017-12-20,17700,17950,15343.04,16466.98,521350550.61
2017-12-19,18940.57,19160.79,16831.26,17700,387206242.38
2017-12-18,18953,19220,17835.2,18940.57,273533539.4
2017-12-17,19187.78,19666,18465,18953,186310530.76
2017-12-16,17471.5,19377,17269.99,19187.78,179906034.64
2017-12-15,16404.99,17934,16337.19,17471.5,329337014.76
2017-12-14,16250,16830.45,15852.69,16404.99,219263192.46
2017-12-13,16650.01,17107.03,15497.69,16250,281640493.79
2017-12-12,16470,17428.42,15967.29,16650.01,210743301.62
2017-12-11,14691,17270,14677.19,16470,270203844.28
2017-12-10,14607.49,15385,13011,14691,263150668
2017-12-09,15800,15998.5,12701.05,14607.49,227938370.13
2017-12-08,16599.99,16666.66,13482.42,15800,389366035.09
2017-12-07,13623.5,16615.62,13085.9,16599.99,362107737.05
2017-12-06,11677,13700,11659.8,13623.5,250560790.3
2017-12-05,11613.07,11850,11384.25,11677,127101844.05
2017-12-04,11250,11613.07,10850,11613.07,154122917.9
2017-12-03,10872,11800.01,10513.16,11250,160176290.44
2017-12-02,10840.45,11200,10637.69,10872,101270084.38
2017-12-01,9947.67,10949.89,9370.11,10840.45,171881760.62
2017-11-30,9824.68,10618.29,9000,9947.67,247093850.76
2017-11-29,9868.82,11395,9289,9824.68,307124764.72
2017-11-28,9708.07,9968,9582.25,9868.82,110496755.85
2017-11-27,9271.06,9721.7,9267,9708.07,126458117.67
2017-11-26,8717.99,9366.6,8538.2,9271.06,108525815.45
2017-11-25,8199.19,8737,8114.78,8717.99,97628924.79
2017-11-24,7989,8340,7876,8199.19,75751868.75
2017-11-23,8214.69,8279.76,7980,7989,63644740.39
2017-11-22,8095.23,8310.89,8045.76,8214.69,66215711.71
2017-11-21,8226.17,8354.46,7770,8095.23,110809826.43
2017-11-20,8016.58,8269.99,7900,8226.17,66366007.81
2017-11-19,7771.03,8087.35,7675,8016.58,65332064.65
2017-11-18,7674.99,7858,7431.54,7771.03,56264967.21
2017-11-17,7846.96,7997,7528.5,7674.99,138124189.43
2017-11-16,7294,7976.79,7120.85,7846.96,145738327.49
2017-11-15,6609,7350,6609,7294,119171192.38
2017-11-14,6525.17,6750,6466.88,6609,79508390.54
2017-11-13,5870.37,6775.75,5846,6525.17,173725919.53
2017-11-12,6355.13,6488.88,5555.55,5870.37,224990004.1
2017-11-11,6588.18,6820,6218,6355.13,96465935.17
2017-11-10,7148,7343.18,6429.44,6588.18,180472185.39
2017-11-09,7450.32,7490,7061.2,7148,106479695.18
2017-11-08,7130.28,7888,7080.01,7450.32,182900719.5
2017-11-07,6967.68,7244.69,6945,7130.28,82573875.36
2017-11-06,7372.72,7421.39,6922.07,6967.68,138309426.6
2017-11-05,7388.83,7590,7275.16,7372.72,68578104.7
2017-11-04,7146.82,7569.9,6994,7388.83,66574400.23
2017-11-03,7030,7500,6925.22,7146.82,115885350.37
2017-11-02,6741.59,7354.1,6700,7030,184478482.71
2017-11-01,6434.21,6756.36,6340.01,6741.59,84730388.78
2017-10-31,6119.99,6449.78,6072.81,6434.21,84132031.05
2017-10-30,6137.37,6229.77,6024.03,6119.99,58628072.74
2017-10-29,5730.69,6316.85,5683,6137.37,96245243.8
2017-10-28,5771.89,5875.66,5646.18,5730.69,33910959.44
2017-10-27,5890,5994.06,5674.06,5771.89,68864252.31
2017-10-26,5735.88,5988,5683,5890,68819732.17
2017-10-25,5523.4,5748,5366,5735.88,68165895.28
2017-10-24,5871.17,5871.17,5453.01,5523.4,97431687.22
2017-10-23,5969,6045.34,5617.75,5871.17,89096118.44
2017-10-22,6013.46,6071.07,5700,5969,71783836.81
2017-10-21,5977.29,6180,5871,6013.46,92596831.55
2017-10-20,5698.69,6074,5589.8,5977.29,88681234.35
2017-10-19,5582.05,5735.14,5512.06,5698.69,55881257.79
2017-10-18,5597.31,5617.75,5101.36,5582.05,101403785.99
2017-10-17,5745.72,5776.31,5506.78,5597.31,50937177.61
2017-10-16,5679.7,5807.11,5548,5745.72,51432597.47
2017-10-15,5801.29,5830,5415,5679.7,64387164.5
2017-10-14,5653.6,5817.34,5558.26,5801.29,47682043.42
2017-10-13,5445,5846.43,5380,5653.6,155680854
2017-10-12,4822.01,5445,4793.66,5445,102397248.43
2017-10-11,4749.29,4869.78,4700,4822.01,47163032.6
2017-10-10,4764.7,4909.97,4700,4749.29,56048025.67
2017-10-09,4597.98,4865,4541,4764.7,60364606.58
2017-10-08,4423.3,4612,4404.5,4597.98,45437977.1
2017-10-07,4362.95,4463,4312.82,4423.3,20225980.37
2017-10-06,4301.09,4425,4278.4,4362.95,36536990.19
2017-10-05,4219.53,4358.97,4137.96,4301.09,35843264.32
2017-10-04,4315.83,4343,4170.07,4219.53,35967135.01
2017-10-03,4391.48,4425,4218,4315.83,53430721.04
2017-10-02,4377.22,4453,4352,4391.48,36284325.23
2017-10-01,4326.09,4377.22,4216,4377.22,30767188.12
2017-09-30,4164.82,4349,4154.28,4326.09,32022657.82
2017-09-29,4184.84,4227.62,4022.02,4164.82,50174093.2
2017-09-28,4199.29,4270.01,4123.5,4184.84,40228821.54
2017-09-27,3888.03,4226.73,3870,4199.29,61138922.31
2017-09-26,3918,3970,3850.61,3888.03,39095846.8
2017-09-25,3664.22,3968.59,3658.39,3918,57436091.87
2017-09-24,3779.17,3783.25,3615,3664.22,24002945.44
2017-09-23,3612.18,3810.25,3552,3779.17,37543313.88
2017-09-22,3617.05,3761.84,3514,3612.18,54095681.79
2017-09-21,3874.46,3914,3573,3617.05,66991792.86
2017-09-20,3888.8,4050,3820.56,3874.46,45755993.66
2017-09-19,4101.6,4119.7,3848.35,3888.8,60296939.36
2017-09-18,3662.99,4122.7,3659.42,4101.6,67884703.07
2017-09-17,3678.93,3772.52,3463,3662.99,42610629.87
2017-09-16,3700.01,3872.9,3500,3678.93,84682175.88
2017-09-15,3227.79,3820,2977,3700.01,201603301.27
2017-09-14,3865.34,3921.74,3210,3227.79,145677912.44
2017-09-13,4172.56,4179.14,3720.01,3865.34,115047415.38
2017-09-12,4207.31,4377.65,4080,4172.56,56085500.46
2017-09-11,4226.22,4353.49,4092.4,4207.31,46993960.17
2017-09-10,4308.72,4322.44,4010,4226.22,61000822.58
2017-09-09,4312,4379.78,4164,4308.72,42672278.95
2017-09-08,4615,4679.97,4125.99,4312,103400550.32
2017-09-07,4605.8,4674.34,4475,4615,42404174.64
2017-09-06,4396.52,4649.23,4356.42,4605.8,75215090.16
2017-09-05,4277,4474.88,4001.93,4396.52,88387794.12
2017-09-04,4606.26,4613.97,4058.5,4277,107556542.05
2017-09-03,4599.9,4700,4385,4606.26,51073979.31
2017-09-02,4921.7,4979.9,4488.5,4599.9,79450494.42
2017-09-01,4734.26,4935,4671.09,4921.7,73806190.52
2017-08-31,4573.2,4765.21,4566.66,4734.26,41680053.91
2017-08-30,4578.82,4642.22,4479,4573.2,39221767.23
2017-08-29,4379.99,4649.78,4336.26,4578.82,53470073.42
2017-08-28,4337.68,4399.72,4169.01,4379.99,37056561.52
2017-08-27,4333.38,4393.3,4290.32,4337.68,17115061.37
2017-08-26,4355.98,4369.78,4232.43,4333.38,28226249.72
2017-08-25,4300.34,4449.98,4270,4355.98,42239588.77
2017-08-24,4108.12,4350,4082.57,4300.34,45158907.08
2017-08-23,4085,4248.97,4051.94,4108.12,62086390.53
2017-08-22,3987.52,4139.31,3600,4085,91500637.87
2017-08-21,4058.68,4080,3949.78,3987.52,39194496.37
2017-08-20,4099.55,4125.95,4000,4058.68,25281427.99
2017-08-19,4100,4188,3900,4099.55,60597363.73
2017-08-18,4276.5,4368,3964.96,4100,72432096
2017-08-17,4378.84,4480,4167.21,4276.5,63198384.95
2017-08-16,4155.67,4379.78,3926.06,4378.84,54192791.68
2017-08-15,4306.23,4400,3800,4155.67,104581194.25
2017-08-14,4053.87,4329.43,3964.96,4306.23,59827087.21
2017-08-13,3855.1,4190,3841.71,4053.87,63638815.67
2017-08-12,3645.06,3934,3586.95,3855.1,46761411.29
2017-08-11,3413.03,3705,3390.67,3645.06,41873464
2017-08-10,3342.99,3448,3311.17,3413.03,30646612.36
2017-08-09,3412.41,3423.1,3178.72,3342.99,47303195.92
2017-08-08,3387.55,3490,3300,3412.41,54033180.58
2017-08-07,3222.75,3430,3186,3387.55,40212285.97
2017-08-06,3263.62,3296.51,3146.1,3222.75,19412655.97
2017-08-05,2855,3339.66,2848.32,3263.62,53855576.01
2017-08-04,2793.37,2877.52,2765.91,2855,21650042.13
2017-08-03,2703.51,2807.44,2698.83,2793.37,21938228.66
2017-08-02,2731,2760,2650,2703.51,25679084.59
2017-08-01,2855.81,2929.17,2615,2731,34305116.96
2017-07-31,2742.37,2889.99,2680.01,2855.81,30771946.97
2017-07-30,2680.56,2774.45,2569.69,2742.37,25842024.03
2017-07-29,2777.01,2785.65,2631.78,2680.56,29153822.62
2017-07-28,2666.33,2825,2655.82,2777.01,38653272.36
2017-07-27,2524.99,2695,2509.63,2666.33,30468221.16
2017-07-26,2564.82,2608.96,2400,2524.99,44074589.03
2017-07-25,2759.98,2775.79,2450,2564.82,55118584.1
2017-07-24,2749.02,2800,2701,2759.98,27562683.88
2017-07-23,2832.71,2855,2640,2749.02,30306854.43
2017-07-22,2670,2882,2644.59,2832.71,35783389.64
2017-07-21,2875.03,2887.45,2611.39,2670,56427932.93
2017-07-20,2265.21,2938,2265.21,2875.03,80333454.15
2017-07-19,2303.71,2402.5,2223,2265.21,39243957.64
2017-07-18,2226,2392,2164,2303.71,57642999.9
2017-07-17,1917.63,2229.97,1910.57,2226,55012387.35
2017-07-16,1970.51,2044.44,1830,1917.63,49004259.73
2017-07-15,2213.37,2219.99,1967.65,1970.51,40917690.02
2017-07-14,2339.99,2357.84,2140,2213.37,28223890.84
2017-07-13,2388,2425.16,2312.93,2339.99,19953094.82
2017-07-12,2305.98,2408.84,2239.54,2388,30250318.76
2017-07-11,2323.45,2399,2242.62,2305.98,41135309.34
2017-07-10,2502.28,2527.88,2261.85,2323.45,41625857.69
2017-07-09,2550.07,2564.65,2500.5,2502.28,11357689.63
2017-07-08,2501.46,2555,2462,2550.07,13570951.58
2017-07-07,2600.39,2605,2475,2501.46,23866443.45
2017-07-06,2602.9,2614,2522,2600.39,21512892.56
2017-07-05,2596.12,2623,2530.1,2602.9,27944609.56
2017-07-04,2550.47,2639.47,2540.07,2596.12,25084134.62
2017-07-03,2504.37,2595,2472.68,2550.47,29211425.51
2017-07-02,2412.41,2528.72,2374.34,2504.37,21373737.73
2017-07-01,2465.49,2517.11,2390,2412.41,21694860.67
2017-06-30,2541.59,2564.58,2451,2465.49,21937499.3
2017-06-29,2559.9,2594.78,2500.31,2541.59,20745883.75
2017-06-28,2565,2593,2468.01,2559.9,31054748.58
2017-06-27,2421.22,2565,2291,2565,45725060.61
2017-06-26,2502.03,2550.03,2315.01,2421.22,54077563.86
2017-06-25,2557.66,2635.72,2432,2502.03,26249953.89
2017-06-24,2685.05,2724.96,2512.13,2557.66,34941154.41
2017-06-23,2713.48,2745,2657.46,2685.05,22339917.54
2017-06-22,2657.04,2740,2594.61,2713.48,28950475.51
2017-06-21,2740,2789,2611,2657.04,42292796.44
2017-06-20,2598,2783,2581,2740,42537518.87
2017-06-19,2516.98,2598,2480.96,2598,26993977.69
2017-06-18,2630,2665,2460.62,2516.98,24021728.81
2017-06-17,2484.68,2674.4,2420.53,2630,28555923.68
2017-06-16,2424.91,2540,2307.66,2484.68,33826420.1
2017-06-15,2450,2516.2,2120,2424.91,84920570.37
2017-06-14,2703.02,2801,2320,2450,76083640.16
2017-06-13,2667.06,2783.62,2638.62,2703.02,43568709.95
2017-06-12,2954.22,2980,2480.03,2667.06,85786969.44
2017-06-11,2899.99,2967.46,2861.53,2954.22,19889398.37
2017-06-10,2822.32,2912.98,2800,2899.99,27422781.42
2017-06-09,2806,2868.23,2780.43,2822.32,22701149.15
2017-06-08,2683.03,2815,2613.13,2806,36422409.92
2017-06-07,2880.74,2893.28,2612.5,2683.03,47189507.3
2017-06-06,2698,2933,2689.4,2880.74,75184117.96
2017-06-05,2530.27,2699.35,2525.28,2698,31915607.88
2017-06-04,2540.94,2569,2460,2530.27,22259945.52
2017-06-03,2488.94,2584.34,2445,2540.94,27285983.07
2017-06-02,2413.63,2489,2370.03,2488.94,30173071.82
2017-06-01,2298.01,2456.39,2296.81,2413.63,43968591.95
2017-05-31,2203.51,2334,2154.28,2298.01,36853820.79
2017-05-30,2292.1,2339.08,2160,2203.51,31432708.32
2017-05-29,2178.81,2350,2110,2292.1,27345796.01
2017-05-28,2042,2313.96,2041.48,2178.81,33633799.51
2017-05-27,2279.82,2339.94,1850,2042,54093115.87
2017-05-26,2292.53,2599.12,2060,2279.82,66000848.39
2017-05-25,2420.29,2760.1,2221,2292.53,82965665.93
2017-05-24,2264.23,2481.75,2264.23,2420.29,52778575.76
2017-05-23,2099.97,2275,2088.45,2264.23,31139771.52
2017-05-22,2017.55,2230.34,2008.75,2099.97,32452142.3
2017-05-21,2013.99,2063.11,1961.52,2017.55,13647083.74
2017-05-20,1958,2021,1914,2013.99,24244964
2017-05-19,1878.99,1969.99,1874.99,1958,27201808.7
2017-05-18,1782.99,1881.8,1766.33,1878.99,21764514.72
2017-05-17,1700.01,1840.42,1670.01,1782.99,31587033.39
2017-05-16,1705.48,1750,1641.22,1700.01,28117414.51
2017-05-15,1784,1784,1682.56,1705.48,22943567.22
2017-05-14,1776.89,1815,1753,1784,8585557.39
2017-05-13,1691.51,1785.82,1601.46,1776.89,17796170.28
2017-05-12,1828.45,1832,1650,1691.51,29854369.28
2017-05-11,1772.58,1892,1745.01,1828.45,26996647.4
2017-05-10,1720.28,1794.21,1682,1772.58,19694962.35
2017-05-09,1649.54,1760.4,1616.05,1720.28,28716399.21
2017-05-08,1554.01,1653.97,1554.01,1649.54,30605645.62
2017-05-07,1558.02,1565,1525,1554.01,11809645.33
2017-05-06,1514.9,1578.97,1505,1558.02,12174477.83
2017-05-05,1537.23,1609,1495,1514.9,24254113.78
2017-05-04,1503.22,1623.01,1444.94,1537.23,29012554.52
2017-05-03,1447.75,1516.04,1431.02,1503.22,16342395.53
2017-05-02,1390.86,1481.73,1388,1447.75,12835457.62
2017-05-01,1350.21,1425,1341.22,1390.86,11920971.92
2017-04-30,1333,1356,1315.68,1350.21,4718587.81
2017-04-29,1330.7,1342.8,1316,1333,5226089.45
2017-04-28,1331.53,1347.02,1299,1330.7,10882526.4
2017-04-27,1287.99,1342.02,1285,1331.53,8807415.32
2017-04-26,1269,1330,1265,1287.99,11237494.55
2017-04-25,1253.58,1280,1251.07,1269,6651231.27
2017-04-24,1241.99,1254,1234,1253.58,3787704.79
2017-04-23,1233.2,1248.99,1223.42,1241.99,3219987.14
2017-04-22,1243.61,1247.15,1199,1233.2,5065733.74
2017-04-21,1234.19,1252.32,1231.65,1243.61,6189234.63
2017-04-20,1203.98,1243.88,1201.66,1234.19,7299836.83
2017-04-19,1202.58,1209.99,1190,1203.98,7247878.76
2017-04-18,1176.54,1210,1175.95,1202.58,6636764.68
2017-04-17,1162.31,1192.5,1161,1176.54,4210491.81
2017-04-16,1173.45,1179.3,1150,1162.31,3094769.46
2017-04-15,1170.34,1192.5,1165,1173.45,2128067.82
2017-04-14,1172.91,1193,1142,1170.34,10475598.06
2017-04-13,1212.17,1219.45,1141,1172.91,8410777.07
2017-04-12,1218.99,1224.57,1208,1212.17,4224875.8
2017-04-11,1209.25,1229,1198.02,1218.99,4229830.76
2017-04-10,1206.2,1219.71,1195,1209.25,4416613.87
2017-04-09,1184.03,1216.87,1173.98,1206.2,5764917.28
2017-04-08,1190.66,1197.3,1166.66,1184.03,3224244.36
2017-04-07,1190.85,1202,1176,1190.66,6486716.5
2017-04-06,1134.58,1201.37,1134.36,1190.85,10690571.43
2017-04-05,1143,1145,1111,1134.58,6291139.39
2017-04-04,1144.77,1162.93,1118.85,1143,8468987.32
2017-04-03,1078.01,1152,1076.19,1144.77,12487637.63
2017-04-02,1083.94,1100,1066.49,1078.01,8269728.69
2017-04-01,1070.31,1097,1061.64,1083.94,5617187.43
2017-03-31,1033.7,1081,1031.43,1070.31,12711331.62
2017-03-30,1035.96,1050.17,1017.14,1033.7,8918956.47
2017-03-29,1043.99,1059.43,1008.16,1035.96,9675900.4
2017-03-28,1039.92,1068.26,1014.9,1043.99,9531808.18
2017-03-27,960,1043,952.95,1039.92,8753826.09
2017-03-26,956.02,997,937.52,960,8735685.94
2017-03-25,929.06,963.36,891.33,956.02,12469415.59
2017-03-24,1029.65,1032,920,929.06,15691519.3
2017-03-23,1037.56,1054.4,1010.69,1029.65,6134595.75
2017-03-22,1114.39,1114.39,988,1037.56,15060114.15
2017-03-21,1035.96,1117.9,1034.92,1114.39,12068049.72
2017-03-20,1017.97,1053,1010.01,1035.96,7753027.09
2017-03-19,969.4,1063.7,969.4,1017.97,12327661.82
2017-03-18,1071.02,1099,944.36,969.4,21545200.42
2017-03-17,1172.62,1173.23,1063,1071.02,18710285.4
2017-03-16,1257.32,1258.96,1130,1172.62,18263170.71
2017-03-15,1245.86,1260,1238.32,1257.32,4908117.86
2017-03-14,1242.46,1260,1226.5,1245.86,7156458.55
2017-03-13,1226.62,1249.02,1215.43,1242.46,6955370.87
2017-03-12,1176.55,1241.85,1170.9,1226.62,7003314.41
2017-03-11,1116.97,1198,1106.51,1176.55,8528948.13
2017-03-10,1190.89,1350,975,1116.97,38529724.81
2017-03-09,1150.05,1208,1135.01,1190.89,9018801.31
2017-03-08,1233.05,1245.49,1145.5,1150.05,15896181.2
2017-03-07,1278.49,1281.62,1175.97,1233.05,17887749.61
2017-03-06,1273,1285,1251,1278.49,5420539.75
2017-03-05,1260,1275,1240,1273,3809526.44
2017-03-04,1285.33,1289.55,1230,1260,6237313.77
2017-03-03,1257.6,1298,1255,1285.33,9615648.42
2017-03-02,1226.39,1283.25,1215,1257.6,9678454.84
2017-03-01,1191.21,1231,1188.3,1226.39,7276042.54
2017-02-28,1194.64,1209.99,1176.27,1191.21,9013416.33
2017-02-27,1179.05,1197.99,1169,1194.64,5508029.79
2017-02-26,1152.2,1184.97,1133,1179.05,4127618.08
2017-02-25,1180.14,1184.73,1127,1152.2,7226356.76
2017-02-24,1188.11,1220,1091.1,1180.14,23022719.16
2017-02-23,1130.01,1193.92,1120.73,1188.11,13556658.98
2017-02-22,1124.62,1143,1098.16,1130.01,13145511
2017-02-21,1084,1126.86,1077,1124.62,9273043.86
2017-02-20,1051.8,1089.99,1044.39,1084,3902264.53
2017-02-19,1056.4,1061.9,1039.07,1051.8,2388775.41
2017-02-18,1055.46,1068.99,1046.14,1056.4,4741677.69
2017-02-17,1032.7,1064.99,1031.98,1055.46,6386285.16
2017-02-16,1011.53,1043.21,1010.75,1032.7,6170238.86
2017-02-15,1008.88,1013.8,1000.97,1011.53,3123812.22
2017-02-14,1000.74,1019,987.97,1011.51,6580183.46
2017-02-13,1000.73,1007.89,975.1,1000.25,4515153.39
2017-02-12,1011.01,1011.97,991.98,1001.63,2668338.13
2017-02-11,995.49,1020,987.62,1011.98,4462704.29
2017-02-10,985.71,1010.68,950,997.57,10395040.24
2017-02-09,1051.73,1074.69,913.73,981.96,24875574.97
2017-02-08,1052.48,1070,1025,1056.99,10005034.74
2017-02-07,1024,1056.25,1021.3,1054.12,5509558.04
2017-02-06,1010.03,1031.94,1005.1,1023.7,5176624.63
2017-02-05,1033.72,1034.6,1004.7,1014.57,4387548.42
2017-02-04,1015.06,1044.23,1004,1034.44,5857358.53
2017-02-03,1009.15,1022.64,987.01,1012.64,10899361.44
2017-02-02,983.79,1011.65,973.12,1008.18,8158190.25
2017-02-01,963.99,986.96,962,983.36,6669709.8
2017-01-31,919.99,970,917.5,965.01,8839243.99
2017-01-30,913.12,923,910,921.08,2750934.15
2017-01-29,918.6,919.99,910.45,913.1,1210874.32
2017-01-28,918.02,920.99,913.08,917.75,1050315.48
2017-01-27,914.95,924.88,908.01,917.84,4422003.07
2017-01-26,893.25,919.49,892.86,916.34,4635817.25
2017-01-25,885.47,904.01,884.5,892.95,4724511.12
2017-01-24,913.15,923,886.27,893,7978981.16
2017-01-23,923.75,927.57,913.21,921.39,3073522.47
2017-01-22,921.98,937.74,886.76,919.39,6476841.64
2017-01-21,895.81,928,895,921.1,5329454.56
2017-01-20,902.23,902.43,880,895.62,5904057.73
2017-01-19,887.69,910,878.89,900.46,9904314.22
2017-01-18,905.95,915.99,851.74,876.74,9689310.45
2017-01-17,831.76,908.5,827,906.08,10693223.8
2017-01-16,821.86,835,818.09,829.62,5082219
2017-01-15,819.52,823.45,808,822.47,3432426.03
2017-01-14,825.98,837.76,810,819.66,5442676.2
2017-01-13,807.51,831.4,775,826.9,9133431.3
2017-01-12,778.7,832.99,751.34,816,13545426.73
2017-01-11,905.05,918.4,755,788.81,29111252.67
2017-01-10,896.09,912.47,889.41,907.96,7157833.4
2017-01-09,909.8,912.87,875,899.99,7733150.91
2017-01-08,906.2,941.81,881.3,906.17,8088448.27
2017-01-07,894.02,906,812.28,897.14,17026388.21
2017-01-06,1004.73,1026.99,871,891.56,25238781.34
2017-01-05,1114.38,1136.72,885.41,994.02,35036904.22
2017-01-04,1035.51,1139.89,1028.56,1122.56,23257162.08
2017-01-03,1011.44,1039,999.99,1036.99,8955192.92
2017-01-02,997.75,1032,990.01,1014.1,8190254.59
2017-01-01,966.34,1005,960.53,998.8,6579903.85
2016-12-31,959.54,966.37,944.11,964.32,3850228.19
2016-12-30,969.99,970,931,959.03,10164057.18
2016-12-29,976.46,980.74,950,968.99,7528704.36
2016-12-28,930.34,975.97,929.49,975.97,11488843.01
2016-12-27,897.82,936.42,891,929.92,6613609.53
2016-12-26,890.65,905.18,888,899.1,3111630.61
2016-12-25,892.61,894.97,859,891.67,3478222.78
2016-12-24,914.48,918.5,878.89,892.63,5390303.22
2016-12-23,858.94,920,858.93,916,14525838.63
2016-12-22,832.02,875,827.29,858.94,10296745.43
2016-12-21,798.65,830.01,796.82,828.1,7502025.03
2016-12-20,791.03,803,787.1,801.02,3156234.61
2016-12-19,788.34,794.39,787.01,790.65,3069394.12
2016-12-18,788.3,790.99,780,788.68,1981286.28
2016-12-17,781.32,790.88,780.36,788.4,1876973.65
2016-12-16,776.3,782.46,771.24,780.35,2561600.07
2016-12-15,777.03,779.08,771,774.79,2290042.69
2016-12-14,775.35,781,770.74,776.29,1793918.87
2016-12-13,777,793.27,765.1,778.71,3767383.2
2016-12-12,768.97,779,768.96,777.93,2163450.23
2016-12-11,772.28,772.28,764.01,768.19,1058389.27
2016-12-10,769.57,774.12,768.11,772.35,1698016.64
2016-12-09,766.84,773.99,766.29,769.49,2200017.6
2016-12-08,764.05,772.01,762.29,767.96,3438246.11
2016-12-07,758.97,769.61,751.78,766.85,3616332.71
2016-12-06,749.51,759.9,747.99,758.91,5062327.13
2016-12-05,762,762.09,743,750,4155543.78
2016-12-04,762.97,762.97,752.41,761.99,2385412.41
2016-12-03,770.91,770.99,752.41,762.79,2107293.54
2016-12-02,751.55,778.07,750.77,769.99,6181050.26
2016-12-01,742.06,754.98,740.18,751.6,4569793.09
2016-11-30,730.72,744.49,727,742.06,4577304.37
2016-11-29,730.99,733.29,721,730.99,3788691.62
2016-11-28,727.32,732.44,724.1,730.98,3454018.44
2016-11-27,729.91,732,722.44,726.12,2499926.68
2016-11-26,736.96,737.56,722.3,729.87,1654649.42
2016-11-25,735.63,737.03,728,737.03,2438631.37
2016-11-24,740.18,741.15,729,735.7,2937407.2
2016-11-23,749.13,749.98,729.92,740.17,3264940.91
2016-11-22,736.92,750,730.27,746.61,3685436.12
2016-11-21,727.09,739.2,727.03,736.97,2942854.28
2016-11-20,750.09,753.82,714,727.09,4041204.67
2016-11-19,748.98,755.07,742.63,749.57,1466174.56
2016-11-18,736,752.95,731.31,745.99,3166648.02
2016-11-17,739.71,749.98,732.22,737,4943483.12
2016-11-16,711.07,742.87,708.44,737.99,8263859.53
2016-11-15,704.98,716.54,703.05,710.82,4005033.08
2016-11-14,700.38,705.89,697.14,704.7,5098505.82
2016-11-13,701.17,702.89,683.23,701.51,4171893.49
2016-11-12,716.39,716.39,701,703,1940916.08
2016-11-11,714.48,720.94,712.24,715.82,2344789.75
2016-11-10,721.5,722,707,714.5,3504671.05
2016-11-09,708.17,740.86,705.45,720.44,7065921.02
2016-11-08,702.86,712.92,701.02,710.19,3892295.31
2016-11-07,709.92,709.92,698.26,706.5,2095201.51
2016-11-06,703.33,714.36,697.92,710.22,1616523.29
2016-11-05,702.95,707.34,694.71,703.63,1335523.71
2016-11-04,684.84,707.67,681,702.98,3680627.26
2016-11-03,742,745.19,670.32,681.03,8590702.9
2016-11-02,726.6,735.93,717.32,732.99,2892450.16
2016-11-01,697.04,737,695.38,726.6,4705903.17
2016-10-31,697.1,706.97,683.6,697.67,3231182.18
2016-10-30,711.1,711.78,691.49,696.36,2595213.56
2016-10-29,685.91,717.99,684.89,712.06,2818902.89
2016-10-28,684.68,687.23,677.05,685.29,2418614.56
2016-10-27,674.63,685.89,665.59,682.67,2963679.02
2016-10-26,651.97,677,651.69,673.14,4439547.37
2016-10-25,649.03,657.58,643,648.33,3888441.58
2016-10-24,648.71,652.25,640,648.14,2989151.78
2016-10-23,654.52,656,647.51,649.69,1638750.59
2016-10-22,628.99,656,628.57,655,2796794.12
2016-10-21,628.05,632.36,627.5,628.99,1901772.35
2016-10-20,627.84,630.22,625,627.72,1272578.99
2016-10-19,635.95,638.04,624.13,627.98,2802783.71
2016-10-18,636.96,637.8,631.52,635.58,1730619.17
2016-10-17,638.97,639.99,632.1,635.69,2511081.05
2016-10-16,635.26,641.4,635.18,638.09,818316.63
2016-10-15,638.2,642,635.25,636.01,904700.03
2016-10-14,635.16,639.99,630.45,638.38,1985398.45
2016-10-13,634.5,636,630,635.61,1505154.5
2016-10-12,638.3,640,628.76,635.06,1683399.03
2016-10-11,616.37,639,614.56,638.91,5087966.79
2016-10-10,612.12,616.47,612.12,615.37,1359190.87
2016-10-09,614.34,614.98,610,613.61,718220.14
2016-10-08,614.88,616.99,612.5,614.48,540336.72
2016-10-07,610.25,616.34,607.52,614.23,2462264.34
2016-10-06,608.01,610.5,607.09,610.34,1216942.71
2016-10-05,607.19,612,605.76,610.98,1379508.03
2016-10-04,612.84,612.84,604.99,607.18,1786596.93
2016-10-03,608.6,611.59,606.6,611.06,1213593.69
2016-10-02,612.98,613,605,608.59,854574.81
2016-10-01,608.23,614.28,608.23,612,892286.51
2016-09-30,605.59,608.38,603.15,608.26,1586425.29
2016-09-29,603.93,605.99,601,604.96,1628754.16
2016-09-28,604.26,605.3,601.41,603.71,1315801.32
2016-09-27,606.7,608.37,600.02,604.57,1824191.37
2016-09-26,598.95,607.27,596.1,604.28,2414023.3
2016-09-25,600.05,601.99,596,597.41,643116.81
2016-09-24,600.47,603.59,597.76,600.14,656806.58
2016-09-23,595.42,602.9,593,602.53,2370015.59
2016-09-22,595.46,596.42,592.5,593.95,1375604.47
2016-09-21,601,601.01,592.1,594.66,2172921.84
2016-09-20,608.73,608.88,605.35,606.95,1476207.69
2016-09-19,608,609.5,603,607.88,1499069.38
2016-09-18,602.93,609.06,601.97,608,781477.06
2016-09-17,607.04,607.59,601.1,604.04,670061.95
2016-09-16,606.65,608.99,603.5,605.9,1570359.1
2016-09-15,608.5,608.99,602.3,605.21,1861670
2016-09-14,607.45,610.69,605.98,607.89,1756240.09
2016-09-13,606.4,609.61,603.28,607.73,2094788.68
2016-09-12,604.08,609.15,602,607,2122659.19
2016-09-11,621.65,628.99,594.63,603.8,3212019
2016-09-10,622.01,625,618.67,622.01,942782.96
2016-09-09,625.67,627.49,612.93,622,2031045.12
2016-09-08,614.44,628.98,611.66,625.66,2704906.63
2016-09-07,608.93,615.92,604.7,614.39,2669717.29
2016-09-06,604.98,609.74,601,608.96,2442751.66
2016-09-05,605.72,607.31,592.46,603.74,2301873.17
2016-09-04,596.25,609.05,590.88,604.25,2351517.76
2016-09-03,572,598.64,569.01,592.5,2669564.21
2016-09-02,571.05,574.2,567.03,572,1680704.12
2016-09-01,570.75,572.86,566.86,571.6,1580497.14
2016-08-31,575.88,576.49,568.4,570.76,2073935.36
2016-08-30,570.74,576.5,568.55,575.23,2533734.77
2016-08-29,573.2,575,568.6,571.5,1332938.19
2016-08-28,567.51,573,566.8,573,567811.88
2016-08-27,577.92,579.09,564.81,567.41,1532934.37
2016-08-26,575.75,582.46,574.1,577.84,1886798.54
2016-08-25,577.65,578.75,571.16,576.99,2410666.36
2016-08-24,580.27,582.1,575.4,577.11,1718669.83
2016-08-23,582.78,584.99,576,580.71,2426513.82
2016-08-22,577.55,585.95,572.5,583.85,2931957.03
2016-08-21,577.7,583.99,576.01,578.47,651138.86
2016-08-20,572.98,580,568.52,580,1351481.73
2016-08-19,571.51,574.86,552.3,572.11,2640630.83
2016-08-18,570.91,575.87,568.79,569.71,2265207.23
2016-08-17,574.95,577.86,566.02,570.47,2342225.12
2016-08-16,564.2,579.8,563,577.53,2737496.38
2016-08-15,568.76,573.69,554.9,565.79,2559974.14
2016-08-14,583.52,583.92,556.24,567.45,2739411.42
2016-08-13,585.34,589.98,581.71,582.11,557048.78
2016-08-12,585.25,591.19,580.47,586,1250458.16
2016-08-11,590.46,597.78,585.23,587.57,1482748.4
2016-08-10,582.71,603,580.01,591.7,3051412.4
2016-08-09,591.85,591.85,579.43,583.53,1848228.25
2016-08-08,592.47,594,583.58,589.46,1870768.65
2016-08-07,589.47,598.82,582.12,592.6,1712331.58
2016-08-06,572.98,592,562.56,588.78,3464967.59
2016-08-05,578.14,578.2,562,576.64,2699273.59
2016-08-04,563.99,583.97,552,575.52,4808420.85
2016-08-03,540.03,572.34,521,565.63,8385537.77
2016-08-02,606.84,613.03,465.28,514.98,11194858.55
2016-08-01,622.5,630,604,607.61,3293338.89
2016-07-31,654.02,654.71,620.01,620.01,2871028.07
2016-07-30,654.88,657.5,652.19,654.37,461519.75
2016-07-29,654.84,657.48,653,657.03,844396.19
2016-07-28,655.13,657.89,652.41,653.44,1230981.99
2016-07-27,651.22,659.98,646.31,655.63,1715044.8
2016-07-26,655,656.94,645.01,652.22,2197810.59
2016-07-25,659.64,661.99,652.28,654.37,1592779.48
2016-07-24,655.52,665,651.99,659.51,922962.62
2016-07-23,647.88,656.77,646,653.8,831459.97
2016-07-22,663.25,666.3,645,652.95,3304025.08
2016-07-21,667.01,667.1,660.1,664.25,1650112.49
2016-07-20,674.8,675,660,667.02,2271618.27
2016-07-19,673.45,675.81,666,673.86,1245111.37
2016-07-18,679.54,682.21,666.12,673.46,2024992.39
2016-07-17,662.45,684.19,661.35,678.23,2301127.43
2016-07-16,664.6,666.67,655,662,1082955.17
2016-07-15,660.3,670.01,658.41,664.99,2130837.14
2016-07-14,652.24,664.93,650.01,660.53,1567824.55
2016-07-13,663.52,669.97,654.52,661.5,4207227.67
2016-07-12,649.32,678,646.05,671.7,2744860.85
2016-07-11,648.77,659.6,639.31,647.42,1929797.21
2016-07-10,647.78,650.88,636.8,646.55,1464107.64
2016-07-09,663,663.99,626,652.54,3950333.46
2016-07-08,638.89,665,635,664,4189449.95
2016-07-07,674.7,678.43,605.5,636.39,8032742.44
2016-07-06,669.09,679,662.13,674.46,2379339.84
2016-07-05,678.74,682.36,661.57,666.58,2084268.82
2016-07-04,659.77,682.35,640.1,678.72,2796115.29
2016-07-03,702.48,704.99,646.29,664.14,4835674.84
2016-07-02,674.55,704.93,672.74,702.48,3759346.11
2016-07-01,666.33,684.1,659.71,677,4331285.23
2016-06-30,635.91,671.22,628.06,666.84,4861694.15
2016-06-29,644.33,645,621.09,634.43,5742183.05
2016-06-28,657.49,665.51,635.5,645.39,3534625.42
2016-06-27,630.16,653.46,618.03,648.2,5415184.25
2016-06-26,658.8,662.9,608.64,628.61,3320432.14
2016-06-25,660.76,684.45,639.4,663.24,4363898.7
2016-06-24,622.59,683.88,620.82,656.71,10493009.71
2016-06-23,602.82,632.67,540.17,624.69,13982861.16
2016-06-22,665.36,677.63,593.03,594.1,9966791.88
2016-06-21,725,728.18,625,668.42,22050470.24
2016-06-20,759.12,763.99,725,734.99,5816127.61
2016-06-19,753.47,764.93,740.11,760.55,1971087.94
2016-06-18,745,778.85,723.02,755.02,4394175.96
2016-06-17,767.37,778.7,706.37,746.99,10811253.75
2016-06-16,695,773.07,689.8,765.6,13101113.07
2016-06-15,685.25,695.77,672.12,693.01,3936205.99
2016-06-14,703.81,704.5,655,685.69,7228993.7
2016-06-13,668.73,725,655.02,702.05,11928392.51
2016-06-12,610,683.02,603.21,667.94,8917259.7
2016-06-11,576.53,594,575.93,592.13,1616911.88
2016-06-10,576.06,580,572,577.91,1991840.12
2016-06-09,583.01,583.1,572.97,576.4,2166774.29
2016-06-08,577.48,584.25,571.86,583.24,1882161.28
2016-06-07,584.12,594.44,563,576.75,3862682.24
2016-06-06,573.8,586.02,573.8,583.49,2573089.92
2016-06-05,573.5,582,566,573.76,3061431.32
2016-06-04,569.93,588.71,558.54,573.87,3553068.65
2016-06-03,538,578.37,535.74,567.94,4871569.53
2016-06-02,536.95,540,529.13,538.98,2094443.58
2016-06-01,532.37,542.87,525.49,538.65,2882083
2016-05-31,527.64,548.5,515,532.06,6431063.42
2016-05-30,517.6,535,510.01,527,3189532.46
2016-05-29,522.13,540,485,513.85,4221703.64
2016-05-28,470.58,529.08,468,521.5,6154346.32
2016-05-27,452.07,478.16,452.07,472.68,5706733.77
2016-05-26,448.27,452.98,446.8,452.38,1693500.51
2016-05-25,445.31,449.6,444.26,448.02,1636079.83
2016-05-24,442.63,446.37,441,445.31,1358027.73
2016-05-23,438.72,442.91,436.4,442.29,1126274.52
2016-05-22,442.72,443.47,435,437.85,1007976.18
2016-05-21,442.84,443.98,435.28,442.84,841576.8
2016-05-20,436.3,444.41,435.06,441.97,1505886.06
2016-05-19,452.47,453.85,441.05,441.63,2450585.4
2016-05-18,452.96,455.68,452.01,452.94,1175478.69
2016-05-17,454,456.09,452.14,453.01,1439597.99
2016-05-16,457.56,458,451.11,455.56,1401093.82
2016-05-15,456.3,458.08,454.72,457.48,730393.65
2016-05-14,456.42,457.25,453.51,455.38,612807.08
2016-05-13,455.2,456.82,452.04,456.04,1282634.69
2016-05-12,452.95,455.09,448.88,454.92,1538456.69
2016-05-11,450.88,457.99,450.32,452.01,1517420.38
2016-05-10,461.49,463,447.38,449.91,2571495.49
2016-05-09,457.75,464.79,455.62,461.63,1617041.39
2016-05-08,458.97,459.69,455.95,457.81,591905.16
2016-05-07,458.98,461,455.95,458.15,911630.56
2016-05-06,448.5,463.97,447.03,459.73,2508091.25
2016-05-05,447.36,450,445.11,448.82,1059530.04
2016-05-04,451.18,451.68,444.15,446.3,1473942.97
2016-05-03,444.06,452,440.78,451.7,2492642.46
2016-05-02,452.99,453.8,438.59,443.54,2808139.14
2016-05-01,448.43,453.78,446.84,451.4,532738.45
2016-04-30,456.53,456.9,446.5,446.7,1088703.36
2016-04-29,449.94,456,445.62,454.77,1321180.97
2016-04-28,445.39,451,435,450,3879872.31
2016-04-27,467.39,469.03,445.42,447.46,3083587.06
2016-04-26,462.29,469.87,462.13,468,2146442.6
2016-04-25,460.03,469.47,455.13,465.99,2543834.74
2016-04-24,451.92,470.02,447.06,459.4,3211111.55
2016-04-23,447.16,452.18,444.46,451.31,998886.31
2016-04-22,451,451.36,442.96,447.8,2452914.54
2016-04-21,441.99,452.11,440,451,2405825.02
2016-04-20,435.7,444,433.11,441.25,3192599.47
2016-04-19,428.14,436.82,426.24,435.25,1606377.98
2016-04-18,427.15,430.01,425.8,428.07,1357320.94
2016-04-17,430.18,430.91,424.24,426.75,633684.98
2016-04-16,429.29,432.87,427.12,430.68,784282.5
2016-04-15,424.4,430,423.07,429.25,1871353.05
2016-04-14,423.6,425.35,420.57,424.51,1629295.05
2016-04-13,425.32,426,422.27,423.26,1648750.52
2016-04-12,422.79,426.67,421,425.91,2569227.44
2016-04-11,420.4,422.8,418,422.08,1455970.96
2016-04-10,418.59,421.79,417.2,420.77,728035.88
2016-04-09,417.75,418.71,412,418.37,1488490.68
2016-04-08,419.99,423.99,416.26,418.13,1893915.56
2016-04-07,420.62,421.99,418.09,419.84,1301132.34
2016-04-06,422.71,422.9,420,421.63,1007355.42
2016-04-05,418.81,423,416.61,422.6,1656378.77
2016-04-04,418.51,419.85,416,418.65,1436042.23
2016-04-03,419.35,419.44,416.1,419,544167.96
2016-04-02,416.31,420,416.01,419.19,858816.08
2016-04-01,414.66,416.99,413.42,415.38,1521987.64
2016-03-31,413.68,416.99,411.4,415.51,1522442.48
2016-03-30,415.43,415.93,408.59,413.09,1974453.35
2016-03-29,422.87,424.37,407.22,415.4,2448940.42
2016-03-28,424.62,424.77,420.32,422.05,1364444.78
2016-03-27,416.96,427.99,415.77,424.3,2132703.21
2016-03-26,415.6,416.99,414,416.77,520246.85
2016-03-25,415.17,416.92,412,416.25,1058887.1
2016-03-24,417.62,418.15,412.85,415.96,1151083.01
2016-03-23,416.39,419,413.44,417.22,2043615.33
2016-03-22,411.15,416.99,410.35,415.89,1603062.46
2016-03-21,410.62,411.96,406.5,410.99,1429011.16
2016-03-20,408.36,412,406.6,411.34,1047500.89
2016-03-19,407.5,409.95,404.1,408.94,1155762.48
2016-03-18,418.47,418.49,403.34,408.21,2593429.99
2016-03-17,416.52,419,415.66,418.49,1548565.13
2016-03-16,415.84,416.61,413.15,416.49,1687474.91
2016-03-15,414.83,417.43,412.15,415.89,1870078.95
2016-03-14,412.99,415.22,410.5,413.85,1743744.96
2016-03-13,409.95,417,409.67,412.64,1344134.95
2016-03-12,419.14,420.93,406.59,410.47,1890411.55
2016-03-11,416,421.91,415.11,418.1,2476673.27
2016-03-10,412.99,416.9,409.31,416.5,2110300.04
2016-03-09,412.14,413.51,408.75,412.66,1987918.75
2016-03-08,413.96,414.99,408.46,412.13,2283231.18
2016-03-07,406.15,414.96,403.03,414.76,2375720.45
2016-03-06,399.77,412.31,393.11,404.78,2292269.65
2016-03-05,408.18,408.98,382,398.5,6450215.35
2016-03-04,420.29,423.9,407.55,409.97,3114003.54
2016-03-03,422.4,424.47,415.85,420.27,3069008.4
2016-03-02,433.33,434.5,424,425.18,2244122.04
2016-03-01,436.75,437.5,427.01,433.31,2922909.82
2016-02-29,430.26,440.99,428.12,436.62,3599439.36
2016-02-28,431.07,435,422.29,432.16,1475149.23
2016-02-27,432,435,428.22,431.06,1776990.19
2016-02-26,423.38,428.38,418.01,427.8,1825687.5
2016-02-25,423.79,426.75,415.79,423.51,2337122.92
2016-02-24,419.1,424.28,409.07,422.61,3035274.03
2016-02-23,438.26,440,414,420.05,4426532.85
2016-02-22,438.33,439.5,431.15,437.97,2543672.13
2016-02-21,434.63,447.99,426,437.7,4488830.12
2016-02-20,419.98,443.96,419.5,440.24,4678345.04
2016-02-19,421.15,422,414,419.27,2082054.85
2016-02-18,415.59,424.9,413.4,420.31,3588829.87
2016-02-17,407.51,421.11,404,415.52,4679988.35
2016-02-16,399.5,407.8,396,406.47,3312534.49
2016-02-15,405.5,409.71,393.4,399,3166241.01
2016-02-14,390.99,404,390.59,403.95,3805192.6
2016-02-13,383,390.08,382,389.51,2684911.84
2016-02-12,377.98,383,377.07,382.88,2177591.75
2016-02-11,379.34,380.5,373.54,377.99,2624697.92
2016-02-10,373.69,383.85,372.12,379.86,3782707.13
2016-02-09,370.95,377,369.12,373.16,2136759.49
2016-02-08,375,378.99,369.99,371.16,2586381.88
2016-02-07,375.39,380,373.04,375.4,1073830.87
2016-02-06,384.97,384.98,371.35,374.27,2146630
2016-02-05,388,389.5,382.99,385.88,2806294
2016-02-04,368.4,391.88,367.95,390,5017103.32
2016-02-03,373.05,374,365,367.64,2602788.49
2016-02-02,371.79,375,369.73,373.18,2109726.06
2016-02-01,368.49,378.2,366.53,371.5,2610393.92
2016-01-31,376.38,379.3,367.77,370,1407869.8
2016-01-30,378.12,380.42,372.95,376.6,887062.39
2016-01-29,379.55,383.99,363.73,379.44,5067927.64
2016-01-28,394.62,395.56,376,379.16,4329530.76
2016-01-27,391.77,397,390.31,395,1669789.13
2016-01-26,390.1,397.7,386.2,390.66,2497097.16
2016-01-25,402.16,402.31,385.5,392.58,3131070.89
2016-01-24,386.37,405.97,385.36,402.5,2139150.54
2016-01-23,382.85,395,381.05,386.92,2725952.77
2016-01-22,409.42,410.07,374.45,381.78,5581017.46
2016-01-21,418.9,421.25,404.59,410.03,3840395.14
2016-01-20,376.77,422.98,372.53,410.93,9829484.37
2016-01-19,385.47,386.92,375.59,379.88,2619071.74
2016-01-18,380.16,388.5,373.63,385,2662265.2
2016-01-17,387.28,391.14,376,382.85,3050025.47
2016-01-16,360,387.5,352,386.43,8790996.62
2016-01-15,429.55,429.8,365,372.85,13985318
2016-01-14,432.64,434,427,429.22,1889729.91
2016-01-13,434.89,438.35,424.5,432.53,4297337.64
2016-01-12,448,448,442.88,446.27,1826314.47
2016-01-11,448.79,451.13,438,448.99,3519698.03
2016-01-10,448.84,449.89,440.8,447.21,1772542.11
2016-01-09,452.02,454,446.68,449.95,1947311.14
2016-01-08,457,465,444.51,451.32,4654917.52
2016-01-07,429.99,457.79,429.25,457.79,7127390.53
2016-01-06,432.45,432.67,426.54,431.84,2291148.77
2016-01-05,434.17,435.39,429.5,431.89,1668756.45
2016-01-04,430.79,435.86,428.44,433.97,2467176.88
2016-01-03,433.2,434.09,424.06,430.85,1930486.92
2016-01-02,434.87,435.99,430.42,433.74,1260194.29
2016-01-01,430.89,436,427.2,434.98,1617803.31
2015-12-31,426.09,433.89,419.99,430.57,2811931.1
2015-12-30,431.7,434.97,420.75,427.05,3281609.6
2015-12-29,420.81,433.17,418.55,430.04,4321235.8
2015-12-28,421.57,429.86,417.01,420.7,3151306.04
2015-12-27,417.11,425.42,410.5,423.29,2864576.24
2015-12-26,455.51,457.45,407.25,417.42,11276027.93
2015-12-25,455.42,458.33,448,455.5,1299892.21
2015-12-24,442.5,459.54,442.5,455.71,4589002.87
2015-12-23,435.18,445.52,434.43,443.34,3048303.13
2015-12-22,438.07,443.58,433.06,436.15,3490906.28
2015-12-21,442.54,450,425.52,437.56,8188958.32
2015-12-20,461.8,462,433.83,441.48,7399332.35
2015-12-19,462.99,465.9,452.03,460.96,3097007.27
2015-12-18,455.87,466.64,453.5,463,5902097.11
2015-12-17,455.63,458.84,448.75,456.01,2979011.75
2015-12-16,464.5,465,436.89,455.1,10597761.52
2015-12-15,443.36,464.99,442.94,463.61,8006856.52
2015-12-14,432.89,448.12,428.42,442.37,5806064.93
2015-12-13,436.08,442.97,422.03,435.8,4885667.86
2015-12-12,452.99,467.8,403,435.87,12814616.39
2015-12-11,415.36,454.36,415.13,451.68,12399633.04
2015-12-10,416.98,419.79,408.91,416.28,3448586.43
2015-12-09,418.8,424.95,400,416.08,8641355.07
2015-12-08,394.96,409,388.33,409,3825649.71
2015-12-07,387.18,399.91,381.01,395.1,5800694.75
2015-12-06,388,399.85,383,394.6,5570564.08
2015-12-05,363.62,389.89,363,384.67,6173704.59
2015-12-04,361.48,364.3,355.92,362.3,3573289.38
2015-12-03,359.11,370.53,356.21,361.32,4394915.48
2015-12-02,363.06,363.06,348.64,359.97,4282488.25
2015-12-01,376.7,379,354.56,362.95,5610058.11
2015-11-30,371.48,383,367.11,377.98,6688039.27
2015-11-29,356.78,373.15,354.45,371.04,2798580.83
2015-11-28,357.14,359.44,350.41,356.39,2208751.82
2015-11-27,353.9,364.8,347.84,359.87,4695664.08
2015-11-26,328.9,369.7,328.53,356.39,12422273.47
2015-11-25,319.7,330.84,316,328.3,3953649.86
2015-11-24,323.48,323.5,317,318.42,2728746.78
2015-11-23,324.24,326.09,320.39,323.01,1616552.53
2015-11-22,326.5,326.6,320.13,323.11,1267230.48
2015-11-21,322.05,328.94,318.52,324.99,1599948.43
2015-11-20,326.51,327.73,310,321.5,6717727.46
2015-11-19,334.53,336.48,324.94,324.95,8856879.85
2015-11-18,336,337.89,330.28,337.06,8987857.94
2015-11-17,330.95,350.44,329,335.44,9214462.2
2015-11-16,319.3,332.2,315,330.9,6507645.44
2015-11-15,333.02,334.99,314.6,317,8768484.87
2015-11-14,336.28,356.1,325.45,331.61,8462312.91
2015-11-13,337.17,342,325,333.51,8106822.27
2015-11-12,309.9,344.78,308.42,334.94,11886431.63
2015-11-11,336.66,341.41,294,303,15939271.77
2015-11-10,378.32,381.44,323.63,337.69,17008397.14
2015-11-09,372.86,386.79,360.54,379.88,9477408.94
2015-11-08,384.62,390.47,366.18,371.87,10355751.72
2015-11-07,374.41,392.82,371.07,385.76,10058975.27
2015-11-06,387.77,396.67,353.26,371.79,17456826.57
2015-11-05,407.99,448.79,364.37,383.22,23867619.71
2015-11-04,404.55,502,368.11,404.3,45952886.39
2015-11-03,361.73,420.77,360.4,398.21,29231893.79
2015-11-02,325.78,369.02,320,361.98,15340060.07
2015-11-01,309.3,329.85,303.01,328.98,4435611.06
2015-10-31,328.15,334.67,302.99,310.06,9115142.28
2015-10-30,314.95,334.05,313.5,328.78,12367475.77
2015-10-29,304.77,319.6,301.7,313.73,9831879.91
2015-10-28,295.59,308.48,294.4,304.05,9258154.13
2015-10-27,286.9,300,286.15,295.17,9867602.57
2015-10-26,283.96,286.99,279.25,285.82,5898921.94
2015-10-25,283.03,296,282.2,288.27,8315290.02
2015-10-24,278.6,283,278.22,282.59,5618365.29
2015-10-23,275.12,280.19,273.46,277.71,5944078.44
2015-10-22,267.9,280.04,267.39,275.3,7665954.22
2015-10-21,270.3,272.69,264,267.8,5450048.68
2015-10-20,264.28,272.95,262.67,270.23,7638164.61
2015-10-19,260.99,266.01,259.82,264.43,4289133.96
2015-10-18,270.04,271.17,260,261,2553365.04
2015-10-17,263.09,273,260.8,268.99,6740958.58
2015-10-16,254.49,267,253.69,262.5,8783403.13
2015-10-15,252.47,256.5,250.3,254.44,5578740.83
2015-10-14,249.97,255.93,248.06,252.46,6737959.74
2015-10-13,245.81,250.89,242.82,248.69,6351641.49
2015-10-12,248.05,248.47,245.01,245.48,2593320.33
2015-10-11,245.71,248.5,244.53,247.83,4682787.16
2015-10-10,244.49,246.43,243,245.72,4231167.2
2015-10-09,243.29,244.95,242.16,244.49,3428059.53
2015-10-08,243.47,244.76,242.06,243.41,3359588.79
2015-10-07,246.79,247.65,242.3,243.47,5814066.37
2015-10-06,240.85,248.19,239.52,246.93,6479338.48
2015-10-05,238.6,240.57,236.1,240.53,4783286.22
2015-10-04,239.06,239.98,237.62,238.4,3568930.36
2015-10-03,237.77,239.86,236.3,238.77,4243470.37
2015-10-02,237.15,239.06,235,237.69,4011577.62
2015-10-01,236.19,239.44,235.01,237.52,4755143.56
2015-09-30,236.78,238.27,234.67,236.65,4868955.65
2015-09-29,239.14,240.56,235.09,236.71,4647432.49
2015-09-28,232.4,239.68,231.69,239,4157771.7
2015-09-27,233.81,234.61,231.16,231.91,4019534.29
2015-09-26,235.14,235.67,233,233.89,3523048.07
2015-09-25,233.88,237.25,232.56,235.13,5285210.99
2015-09-24,229.42,235.52,228.89,233.19,5551743.34
2015-09-23,230.08,231.5,228,229.41,3115694.32
2015-09-22,226.15,231.96,223.12,229.59,4313428.34
2015-09-21,230.29,230.34,225,225.93,3174904.24
2015-09-20,230.23,231.7,229.01,230.29,3032926.37
2015-09-19,232.82,233.76,229.98,230.23,2603719.84
2015-09-18,232.44,234.4,230.83,232.82,4504783.52
2015-09-17,227.85,235,227,232.44,3367136.42
2015-09-16,229.3,230,223,227.85,3425654.89
2015-09-15,229.51,231.21,226.5,229.3,3761713.94
2015-09-14,230.17,232.92,223.99,229.51,4038784.07
2015-09-13,235.61,236.09,228,230.17,4316617.77
2015-09-12,239.94,240,233.02,235.61,2953565.27
2015-09-11,238.5,240.94,237.5,239.94,3310863.21
2015-09-10,237.96,241.65,234.78,238.5,4912126.42
2015-09-09,244.04,244.22,237.01,237.96,5582113.93
2015-09-08,240.12,246.24,239.89,244.04,5778734.49
2015-09-07,240.45,242.91,238.44,240.12,5569212.84
2015-09-06,235.45,244.2,235.02,240.45,6136017.84
2015-09-05,231.09,237.22,229.23,235.45,4675054.57
2015-09-04,226.79,231.4,226.33,231.09,4791065.22
2015-09-03,228.77,229.96,226.5,226.79,4489055.76
2015-09-02,227.65,230.77,226,228.77,4931694.75
2015-09-01,229.84,231.67,226.17,227.65,5435475.61
2015-08-31,228.43,232.49,224.39,229.84,3483770.74
2015-08-30,229.23,232.75,225.04,228.43,3604475.76
2015-08-29,232.09,233.9,226.67,229.23,3546302.36
2015-08-28,223.8,235.93,220.29,232.09,5200095.43
2015-08-27,225.17,228.89,223.17,223.8,3267192.5
2015-08-26,221.64,231.09,219.77,225.17,5543744.64
2015-08-25,211.79,228.04,198.12,221.64,9040638.86
2015-08-24,228.47,228.99,207.73,211.79,8106706.15
2015-08-23,230.47,234.03,227.13,228.47,1725083.07
2015-08-22,233.27,235.2,223.01,230.47,3667961.32
2015-08-21,235.95,236.66,231.77,233.27,2347247.27
2015-08-20,227.1,236.66,226.01,235.95,3735462.71
2015-08-19,246,246,221.11,227.1,6613615.77
2015-08-18,256.66,256.99,245.05,246,2922457.54
2015-08-17,256.09,259.12,254.63,256.66,2195673.39
2015-08-16,261.03,262.2,254.01,256.09,2520197.88
2015-08-15,265.71,266.5,260.45,261.03,1408972.75
2015-08-14,264.65,266.99,262,265.71,2139186.76
2015-08-13,268.51,269.37,262.32,264.65,2920632.41
2015-08-12,270,271.5,265.71,268.51,2402394.96
2015-08-11,264.33,270.87,263.64,270,2211924.7
2015-08-10,265.36,266.79,261.6,264.33,2579884.33
2015-08-09,261.71,268.95,261.01,265.36,2374804.25
2015-08-08,279.01,279.97,260.41,261.71,2760954.37
2015-08-07,281.99,281.99,277.43,279.01,1158954
2015-08-06,281.99,281.99,281.99,281.99,0
2015-08-05,284.65,285.86,280.63,281.99,1770641.93
2015-08-04,282.72,285.88,280.26,284.65,1798604.43
2015-08-03,281.5,285.8,279.52,282.72,1753353.95
2015-08-02,280.77,282.9,276.57,281.5,1258557.7
2015-08-01,284.39,285.16,276.66,280.77,1992579.09
2015-07-31,287.73,289,281.8,284.39,2218539.42
2015-07-30,289.63,290.23,284.53,287.73,2298107.6
2015-07-29,293.84,294.67,287.27,289.63,2965535.82
2015-07-28,294.27,297,292.19,293.84,2643989.23
2015-07-27,292.84,297.44,286.43,294.27,4226344.3
2015-07-26,289.34,294,287.41,292.84,1589174.72
2015-07-25,289.96,292,286.5,289.34,1999546.59
2015-07-24,276.67,290.02,275.9,289.96,3848904.21
2015-07-23,277.93,278.55,275.79,276.67,1824262.52
2015-07-22,276.48,277.93,275,277.93,2321796.93
2015-07-21,277.73,281.07,276.28,276.48,2465410.35
2015-07-20,275.5,279.16,274.62,277.73,2471553.26
2015-07-19,276.73,278.1,275.12,275.5,1359445.35
2015-07-18,279.43,283,276.73,276.73,2631336.95
2015-07-17,278.27,280.73,272.31,279.43,3263317.61
2015-07-16,285.55,292.4,274.92,277.23,6000087.33
2015-07-15,287.96,293.7,285.4,285.55,2654830.77
2015-07-14,292,297.13,286.02,287.96,3007819.74
2015-07-13,310.24,310.73,281,292,8674485.99
2015-07-12,292.02,317.99,291.64,310.24,6896100.33
2015-07-11,286.61,298.05,283.88,292.02,3354503.61
2015-07-10,269.65,294.71,268.63,286.61,8298807.96
2015-07-09,269.39,271.98,265.92,269.65,3759916.62
2015-07-08,266.18,273,263.01,269.39,3865656.2
2015-07-07,269.47,271.69,264.01,266.18,3633491.82
2015-07-06,270.33,278.54,267.13,269.47,5551215.57
2015-07-05,260.74,274.74,258.75,270.33,5564645.13
2015-07-04,255.86,261.28,254.05,260.74,2019244.25
2015-07-03,254.69,256.44,252.4,255.86,2204571.62
2015-07-02,257.07,260.77,253.19,254.69,2489354.9
2015-07-01,264.13,265.25,253.81,257.07,3446154.53
2015-06-30,256.38,268,255,264.13,5235444.48
2015-06-29,248.9,256.94,248.15,256.38,3891883.52
2015-06-28,251.17,251.4,247.04,248.9,1462975.04
2015-06-27,243.2,252,242.36,251.17,1759788.81
2015-06-26,241.65,243.44,240,243.2,1242790.18
2015-06-25,240.69,242.9,239.18,241.65,1245520.61
2015-06-24,243.78,244.14,238.2,240.69,1592022.64
2015-06-23,247.09,247.25,242.14,243.78,1240089.41
2015-06-22,243.37,247.99,242.64,247.09,1222121.12
2015-06-21,244.69,245,241.06,243.37,476876.23
2015-06-20,243.42,245.56,239.93,244.69,1091957.3
2015-06-19,248.09,249.93,242.14,243.42,1662685.74
2015-06-18,245.78,251.58,240,248.09,2751456.26
2015-06-17,248.75,257.39,243.2,245.78,4374712.59
2015-06-16,235.92,252.05,234.35,248.75,4215461.57
2015-06-15,231.77,237.09,231.55,235.92,2450622.3
2015-06-14,231.51,234,230.94,231.77,822490.29
2015-06-13,229.61,232.03,228.06,231.51,906453.07
2015-06-12,229.01,230.7,228.29,229.61,1353909.39
2015-06-11,227.51,229.57,227.25,229.01,1080607.18
2015-06-10,229.49,229.75,226.83,227.51,1449250.42
2015-06-09,228.11,230.79,226.67,229.49,2089239.29
2015-06-08,222.86,229.4,222.09,228.11,2021873.39
2015-06-07,224.36,225.48,221.86,222.86,778011.72
2015-06-06,224.49,225.26,223.07,224.36,580288.75
2015-06-05,222.37,225.9,219.03,224.49,1761179.04
2015-06-04,225.11,225.98,222,222.37,1098677.11
2015-06-03,224.78,226.99,222.57,225.11,1289882.15
2015-06-02,223.67,226.38,221.34,224.78,1744459.32
2015-06-01,229.08,231.2,220.65,223.67,2734668.41
2015-05-31,232.07,232.51,228,229.08,1013021.49
2015-05-30,236.02,236.21,231,232.07,993683.46
2015-05-29,236.46,236.52,234,236.02,1461920.02
2015-05-28,235.34,236.8,234.87,236.46,1175844.36
2015-05-27,236.21,237.35,234,235.34,2030192.16
2015-05-26,235.48,236.23,235,236.21,111811.92
2015-05-25,239.68,240.1,233.1,235.48,1252273.58
2015-05-24,237.71,241.64,237.66,239.68,687061.13
2015-05-23,238.99,240.67,237.4,237.71,788510.89
2015-05-22,235.49,240.9,232.92,238.99,2467303.72
2015-05-21,233.8,236.52,233.75,235.49,1079198.12
2015-05-20,231.69,234.86,231,233.8,1794259.53
2015-05-19,232.24,234.24,230.86,231.69,1294154.8
2015-05-18,236.05,236.94,231.44,232.24,1745036.34
2015-05-17,235.6,237,234.15,236.05,620341.93
2015-05-16,237.12,237.4,234,235.6,735930.74
2015-05-15,236.95,239.28,235.12,237.12,1071658.38
2015-05-14,236.9,239.7,232.22,236.95,1825553.83
2015-05-13,241.3,244.14,235.06,236.9,2223629.39
2015-05-12,240.06,242,238.56,241.3,1401760.94
2015-05-11,239.08,241,237.99,239,1237018.64
2015-05-10,241.4,244.99,238.02,239.08,841527.88
2015-05-09,243.16,247.01,238.62,241.4,1347017.52
2015-05-08,236.82,246.57,235.29,243.16,2320081.36
2015-05-07,229.78,240,227.35,236.82,2541351.14
2015-05-06,234.37,235.98,227.01,229.78,2028662.13
2015-05-05,237.93,238.99,229.66,234.37,2054652.32
2015-05-04,239.18,242.2,236.07,237.93,1709074.08
2015-05-03,233.9,242.25,232.31,239.18,1057142.04
2015-05-02,231.96,234.9,229.87,233.9,1018305.56
2015-05-01,235.75,239.23,231.04,231.96,1555055.46
2015-04-30,225.49,240,224.6,235.75,2909232.47
2015-04-29,225.11,226.99,221.81,225.49,1947334.9
2015-04-28,226.01,228.06,221.45,225.11,2158043.31
2015-04-27,219.49,229.93,217.52,226.01,3006598.56
2015-04-26,226.28,227.26,214.98,219.49,2470526.72
2015-04-25,231.06,232.29,225.7,226.28,1227435.36
2015-04-24,235.14,236,228,231.06,1978994.28
2015-04-23,233,236.22,232.01,235.14,1880708.15
2015-04-22,234.13,238.64,229.1,233,2603008.93
2015-04-21,224.07,235.61,223.91,234.13,2180368.54
2015-04-20,222.89,226.51,221.43,224.07,1348484.04
2015-04-19,223.14,227.35,221.91,222.89,1318695.12
2015-04-18,221.86,224.72,220.32,223.14,947137.91
2015-04-17,227.59,228.29,220,221.86,1291923.73
2015-04-16,221.51,229.67,221.51,227.59,2492640.64
2015-04-15,216.42,222.43,214.05,221.51,2147063.57
2015-04-14,222.87,224.79,210,216.42,4015453.32
2015-04-13,236.3,236.9,219.64,222.87,3166493.61
2015-04-12,237.34,237.5,233.42,236.3,672985.92
2015-04-11,234.77,239.42,233,237.34,968919.7
2015-04-10,243.53,243.94,231,234.77,2722903.56
2015-04-09,244.09,246.3,238.47,243.53,1944122.48
2015-04-08,254.45,254.96,243.06,244.09,2875251.66
2015-04-07,255.83,256.62,251.5,254.45,1522986.5
2015-04-06,260.5,262.98,254,255.83,1543244.68
2015-04-05,253.45,261,251.65,260.5,1491248.36
2015-04-04,253.79,255.85,250.76,253.45,652406.55
2015-04-03,253.16,256.67,251.23,253.79,1286655.62
2015-04-02,245.98,256.96,244.52,253.16,2471179.83
2015-04-01,243.98,246.83,239.32,245.98,1484287.63
2015-03-31,247.69,248.59,238.55,243.98,1993776.43
2015-03-30,242.19,248.86,236.52,247.69,1929807.46
2015-03-29,252.31,252.96,239.96,242.19,1608836.03
2015-03-28,248.09,253.83,247.17,252.31,1492447.63
2015-03-27,249.46,250.52,245.12,248.09,1449279.37
2015-03-26,247.68,253.75,244.91,249.46,2105838.57
2015-03-25,246.93,250,236.4,247.68,3276219
2015-03-24,265.84,266.52,241.84,246.93,4404982.22
2015-03-23,269.39,270.07,259.5,265.84,2367965.68
2015-03-22,259.8,272,259.24,269.39,1512162.68
2015-03-21,262.09,262.62,256.25,259.8,1199360.1
2015-03-20,262.01,265.27,257,262.09,1482272.82
2015-03-19,257.29,265.95,249,262.01,3808281.05
2015-03-18,284.46,284.48,249.02,257.29,5650707.75
2015-03-17,289.7,292.99,281.9,284.46,1864637.8
2015-03-16,286.4,294.26,285.78,289.7,1882414.82
2015-03-15,282.7,287.75,281.42,286.4,691987.13
2015-03-14,284.4,287.69,280.46,282.7,1595106.71
2015-03-13,295.56,295.84,282.99,284.4,2654225.31
2015-03-12,295.11,297.95,289,295.56,2399612.33
2015-03-11,290.24,296.74,285.83,295.11,1979535.16
2015-03-10,287,296.8,283.96,290.24,3744249.17
2015-03-09,274.89,289,274.17,287,3389556.2
2015-03-08,275.59,277.59,271.12,274.89,1223277.71
2015-03-07,273.26,279.48,270,275.59,1540760.07
2015-03-06,273.8,276.46,269,273.26,1907509.64
2015-03-05,269.83,280.5,262.2,273.8,3070426.12
2015-03-04,279,283.88,264.94,269.83,3934109.59
2015-03-03,274,284.95,265.89,279,6104061.68
2015-03-02,258.34,274.81,256,274,2598170.67
2015-03-01,253.47,260,245,255.81,1275703.25
2015-02-28,253.06,254.29,245.2,252.98,906874.89
2015-02-27,236.7,256.15,236.16,253.06,5507719.94
2015-02-26,237.97,238.55,234.01,236.7,826644.88
2015-02-25,239.94,240.61,236,238,413399.21
2015-02-24,239.65,240.88,236.3,239.69,580503.8
2015-02-23,236.68,240.66,232.05,238.92,873272.09
2015-02-22,245.41,247.42,232.48,236.68,1598342.42
2015-02-21,245.48,247.48,244,245.87,381377.02
2015-02-20,240.59,248.96,239.41,246.1,1115548.64
2015-02-19,237.37,245.01,235.66,242.67,1138295.79
2015-02-18,244.96,247,232.24,235.79,1626634.28
2015-02-17,236.55,248.78,232.01,244.96,2871937.78
2015-02-16,234.01,241.23,229.2,236.55,2907774.51
2015-02-15,256.99,265.89,227.75,234.01,4533254.41
2015-02-14,237,259.31,236.9,257.9,2698932.39
2015-02-13,223,242.35,221.37,236.86,1895018.31
2015-02-12,219.55,223.07,218.17,222.46,886601.16
2015-02-11,220.95,223.43,217.99,219.12,2057106.38
2015-02-10,220.72,222,215,220.95,1385375.22
2015-02-09,224.19,225.99,215,220.72,4277024.95
2015-02-08,228.3,232.89,219.7,224.19,1232858.74
2015-02-07,223.37,231.14,221.77,228.61,1444459.22
2015-02-06,216.81,225.86,214.95,222.88,1044545.84
2015-02-05,227,228.94,213.64,217,953936.47
2015-02-04,227.35,231,220.02,227,3220391.1
2015-02-03,237.97,244.39,223.79,227.35,4178199.28
2015-02-02,214.8,241.98,214.8,237.97,1494778.57
2015-02-01,217.98,220.81,208.48,214.8,1336586.85
2015-01-31,232.6,234.8,215.75,217.98,4494529.82
2015-01-30,234.75,244.98,227.26,232.6,4653564.37
2015-01-29,236.2,242.18,220,234.75,6076004.2
2015-01-28,262.99,266.45,225.91,236.2,6774004.56
2015-01-27,269.5,278.51,243.1,262.99,5501345.88
2015-01-26,253.09,309.9,253.09,269.5,15614774.92
2015-01-25,249.99,257,241.33,253.09,7019125.49
2015-01-24,233.03,249.99,230.03,249.99,3297573.46
2015-01-23,233,240,225.55,233.03,3539626.61
2015-01-22,228.59,239,226.01,233,6003089.46
2015-01-21,211.08,228.9,205,228.59,4937625.47
2015-01-20,217.84,217.84,201.98,211.08,2998319.48
2015-01-19,210.05,220.94,207.7,216.88,2729178.12
2015-01-18,200.1,222,195.02,211.42,3816641.51
2015-01-17,206.6,212.84,192.17,200.1,4007435.83
2015-01-16,214.77,223.15,198.04,206.6,7308109.72
2015-01-15,162,233.9,161.1,208.81,17721319.5
2015-01-14,221,230.89,152.4,162,23647658.54
2015-01-13,268.16,268.72,216,221,13652228.51
2015-01-12,270.4,272.43,263.54,268.16,2133679.78
2015-01-11,276.8,276.8,276.8,276.8,0
2015-01-10,276.8,276.8,276.8,276.8,0
2015-01-09,276.8,276.8,276.8,276.8,0
2015-01-08,276.8,276.8,276.8,276.8,0
2015-01-07,276.8,276.8,276.8,276.8,0
2015-01-06,276.8,276.8,276.8,276.8,0
2015-01-05,264.62,280,262.94,276.8,2655979.12
2015-01-04,286.01,289.81,255,264.62,11614560.04
2015-01-03,316.51,316.58,285,286.01,6078845.04
2015-01-02,316.31,317.01,311.96,316.51,1093571.94
2015-01-01,319.25,321,312.6,316.31,1018388.35
2014-12-31,311.94,320,310.69,319.25,1925334.88
2014-12-30,314.78,316.77,310,311.94,3091941.68
2014-12-29,316.63,320.14,311.61,314.78,1859591.78
2014-12-28,315.89,319.56,311.22,316.63,1288906.81
2014-12-27,330.97,330.97,311.63,315.89,2747753.48
2014-12-26,319,332,316.64,330.88,2066944.34
2014-12-25,320.92,324.23,316.63,319.39,1255322.02
2014-12-24,337,337,320.92,322.14,1826465.31
2014-12-23,330.52,338.99,327.49,335.49,2604314.14
2014-12-22,322.24,333.99,319.9,330.52,3821126
2014-12-21,332.58,332.98,318.78,323.15,2114707.57
2014-12-20,317.23,333,316.52,329.99,3617196.63
2014-12-19,310.48,320,307.11,318,4999167.76
2014-12-18,321.32,325.61,304.99,312.17,6788858.09
2014-12-17,331.56,335.99,315.23,321.1,7586686.22
2014-12-16,350.17,350.17,330,330.02,1902071.15
2014-12-15,350.17,350.17,350.17,350.17,0
2014-12-14,351.45,351.98,348.96,350.17,196831.56
2014-12-13,354.48,354.95,347.03,351.45,1359211.39
2014-12-12,348.98,358.59,348,354.48,2846451.59
2014-12-11,348.13,364.43,339.8,348.98,5842055.01
2014-12-10,350.49,353.74,347.23,348.13,2304335.87
2014-12-09,364.61,365.48,343.97,350.49,7376463.45
2014-12-08,376.87,377.45,364.6,364.61,3655238.4
2014-12-07,375.07,377.5,373.16,376.87,913715.62
2014-12-06,374.95,376.99,371.31,375.07,861748.71
2014-12-05,365.2,377.89,363.99,374.95,3331762.49
2014-12-04,376.67,378.99,360.01,365.2,3297896.46
2014-12-03,379.25,383,374.23,376.67,2998357.92
2014-12-02,378.39,382.86,375.23,379.25,2593576.46
2014-12-01,376.4,382.31,373.03,378.39,2520662.37
2014-11-30,376.57,381.99,373.32,373.34,1145566.61
2014-11-29,376.42,386.6,372.25,376.72,2746157.05
2014-11-28,363.59,381.34,360.57,376.28,3220878.18
